Timestamp,Price_USD,Coin_ID,Symbol,Name,Market_Cap_USD,Total_Volume_USD,Market_Cap_Rank,Total_Supply,Circulating_Supply,All_Time_High_USD,All_Time_High_Date,Price_Change_24h,Price_Change_Percentage_24h,Market_Cap_Change_24h,Market_Cap_Change_Percentage_24h
2024-06-05 08:00:00,0.5258777584003161,ripple,XRP,XRP,29148962147.63284,902630309.9728221,4,,,3.4,2018-01-07T00:00:00.000Z,0.05487499,2.50728,3038989757,2.36306
2024-06-06 08:00:00,0.5262661212762775,ripple,XRP,XRP,29139627869.013515,849105640.75026,4,,,3.4,2018-01-07T00:00:00.000Z,0.05487499,2.50728,3038989757,2.36306
2024-06-07 08:00:00,0.5216726475276374,ripple,XRP,XRP,28960043467.06969,848184259.4834132,4,,,3.4,2018-01-07T00:00:00.000Z,0.05487499,2.50728,3038989757,2.36306
2024-06-08 08:00:00,0.4988605379449048,ripple,XRP,XRP,27692854443.163124,1968456097.6407866,4,,,3.4,2018-01-07T00:00:00.000Z,0.05487499,2.50728,3038989757,2.36306
2024-06-09 08:00:00,0.49317326464941763,ripple,XRP,XRP,27387559597.764313,620446466.3582375,4,,,3.4,2018-01-07T00:00:00.000Z,0.05487499,2.50728,3038989757,2.36306
2024-06-10 08:00:00,0.4985482969313284,ripple,XRP,XRP,27675853573.94252,437025958.7774004,4,,,3.4,2018-01-07T00:00:00.000Z,0.05487499,2.50728,3038989757,2.36306
2024-06-11 08:00:00,0.4967328310559781,ripple,XRP,XRP,27551690500.97944,892089729.6870959,4,,,3.4,2018-01-07T00:00:00.000Z,0.05487499,2.50728,3038989757,2.36306
2024-06-12 08:00:00,0.4802545558189862,ripple,XRP,XRP,26658154288.811237,1387973865.1179016,4,,,3.4,2018-01-07T00:00:00.000Z,0.05487499,2.50728,3038989757,2.36306
2024-06-13 08:00:00,0.4914241628785715,ripple,XRP,XRP,27282441135.226692,1129716567.729318,4,,,3.4,2018-01-07T00:00:00.000Z,0.05487499,2.50728,3038989757,2.36306
2024-06-14 08:00:00,0.4765170780323178,ripple,XRP,XRP,26533832939.2711,943675434.2946923,4,,,3.4,2018-01-07T00:00:00.000Z,0.05487499,2.50728,3038989757,2.36306
2024-06-15 08:00:00,0.4741099103256599,ripple,XRP,XRP,26353878418.9291,1118227106.4928167,4,,,3.4,2018-01-07T00:00:00.000Z,0.05487499,2.50728,3038989757,2.36306
2024-06-16 08:00:00,0.4906270007378955,ripple,XRP,XRP,27264082624.9873,645326553.6393995,4,,,3.4,2018-01-07T00:00:00.000Z,0.05487499,2.50728,3038989757,2.36306
2024-06-17 08:00:00,0.4885851148218891,ripple,XRP,XRP,27134294825.743874,555500507.988432,4,,,3.4,2018-01-07T00:00:00.000Z,0.05487499,2.50728,3038989757,2.36306
2024-06-18 08:00:00,0.5044345044736291,ripple,XRP,XRP,27987360241.613247,1766249324.3513258,4,,,3.4,2018-01-07T00:00:00.000Z,0.05487499,2.50728,3038989757,2.36306
2024-06-19 08:00:00,0.49069018810554654,ripple,XRP,XRP,27228211185.581913,1819869616.3806162,4,,,3.4,2018-01-07T00:00:00.000Z,0.05487499,2.50728,3038989757,2.36306
2024-06-20 08:00:00,0.49299634801731906,ripple,XRP,XRP,27374891992.646137,865490750.4717383,4,,,3.4,2018-01-07T00:00:00.000Z,0.05487499,2.50728,3038989757,2.36306
2024-06-21 08:00:00,0.4885909579945817,ripple,XRP,XRP,27181794563.76412,958050789.1306489,4,,,3.4,2018-01-07T00:00:00.000Z,0.05487499,2.50728,3038989757,2.36306
2024-06-22 08:00:00,0.48864418499319384,ripple,XRP,XRP,27175338465.60918,1008516402.6752841,4,,,3.4,2018-01-07T00:00:00.000Z,0.05487499,2.50728,3038989757,2.36306
2024-06-23 08:00:00,0.48627259206597917,ripple,XRP,XRP,27053186980.823914,353317004.2002377,4,,,3.4,2018-01-07T00:00:00.000Z,0.05487499,2.50728,3038989757,2.36306
2024-06-24 08:00:00,0.47895949302593144,ripple,XRP,XRP,26638519238.1815,395174987.5891406,4,,,3.4,2018-01-07T00:00:00.000Z,0.05487499,2.50728,3038989757,2.36306
2024-06-25 08:00:00,0.4743096434475131,ripple,XRP,XRP,26361356093.730564,1160121494.3780153,4,,,3.4,2018-01-07T00:00:00.000Z,0.05487499,2.50728,3038989757,2.36306
2024-06-26 08:00:00,0.47552676206522965,ripple,XRP,XRP,26449940818.178097,751421185.2006447,4,,,3.4,2018-01-07T00:00:00.000Z,0.05487499,2.50728,3038989757,2.36306
2024-06-27 08:00:00,0.46941827415664006,ripple,XRP,XRP,26144492715.000244,773327602.6570611,4,,,3.4,2018-01-07T00:00:00.000Z,0.05487499,2.50728,3038989757,2.36306
2024-06-28 08:00:00,0.47456899754763543,ripple,XRP,XRP,26423340758.58336,722904506.9844775,4,,,3.4,2018-01-07T00:00:00.000Z,0.05487499,2.50728,3038989757,2.36306
2024-06-29 08:00:00,0.470758119075824,ripple,XRP,XRP,26212053088.528053,841678409.9034871,4,,,3.4,2018-01-07T00:00:00.000Z,0.05487499,2.50728,3038989757,2.36306
2024-06-30 08:00:00,0.4716715444764822,ripple,XRP,XRP,26253286526.958954,295577001.30004936,4,,,3.4,2018-01-07T00:00:00.000Z,0.05487499,2.50728,3038989757,2.36306
2024-07-01 08:00:00,0.47544675090176786,ripple,XRP,XRP,26475867493.393265,368676279.63487095,4,,,3.4,2018-01-07T00:00:00.000Z,0.05487499,2.50728,3038989757,2.36306
2024-07-02 08:00:00,0.47641789703173076,ripple,XRP,XRP,26531756526.874874,705154824.0713142,4,,,3.4,2018-01-07T00:00:00.000Z,0.05487499,2.50728,3038989757,2.36306
2024-07-03 08:00:00,0.4844080973302866,ripple,XRP,XRP,26944245248.106754,738569647.7524897,4,,,3.4,2018-01-07T00:00:00.000Z,0.05487499,2.50728,3038989757,2.36306
2024-07-04 08:00:00,0.46683128830149545,ripple,XRP,XRP,25991163931.716026,1145837102.1507013,4,,,3.4,2018-01-07T00:00:00.000Z,0.05487499,2.50728,3038989757,2.36306
2024-07-05 08:00:00,0.4337163650486699,ripple,XRP,XRP,24235723137.699135,1550106175.3104813,4,,,3.4,2018-01-07T00:00:00.000Z,0.05487499,2.50728,3038989757,2.36306
2024-07-06 08:00:00,0.42539142101390903,ripple,XRP,XRP,23720339809.70215,2249831548.4483404,4,,,3.4,2018-01-07T00:00:00.000Z,0.05487499,2.50728,3038989757,2.36306
2024-07-07 08:00:00,0.44887065803633486,ripple,XRP,XRP,24994023728.318146,712480871.9112093,4,,,3.4,2018-01-07T00:00:00.000Z,0.05487499,2.50728,3038989757,2.36306
2024-07-08 08:00:00,0.4191789178572198,ripple,XRP,XRP,23301649181.377598,693806813.0762736,4,,,3.4,2018-01-07T00:00:00.000Z,0.05487499,2.50728,3038989757,2.36306
2024-07-09 08:00:00,0.4314648922749528,ripple,XRP,XRP,24039488792.0527,1645728119.4983537,4,,,3.4,2018-01-07T00:00:00.000Z,0.05487499,2.50728,3038989757,2.36306
2024-07-10 08:00:00,0.4357682635821839,ripple,XRP,XRP,24300807518.319637,1021161739.4919188,4,,,3.4,2018-01-07T00:00:00.000Z,0.05487499,2.50728,3038989757,2.36306
2024-07-11 08:00:00,0.43888320261057695,ripple,XRP,XRP,24458409688.453136,1023616778.8551557,4,,,3.4,2018-01-07T00:00:00.000Z,0.05487499,2.50728,3038989757,2.36306
2024-07-12 08:00:00,0.4493147618408148,ripple,XRP,XRP,25030432265.972015,1200462273.2058198,4,,,3.4,2018-01-07T00:00:00.000Z,0.05487499,2.50728,3038989757,2.36306
2024-07-13 08:00:00,0.47500366588264975,ripple,XRP,XRP,26468721333.154728,1708143214.6643667,4,,,3.4,2018-01-07T00:00:00.000Z,0.05487499,2.50728,3038989757,2.36306
2024-07-14 08:00:00,0.526839519388817,ripple,XRP,XRP,29438182786.769802,2976186078.858061,4,,,3.4,2018-01-07T00:00:00.000Z,0.05487499,2.50728,3038989757,2.36306
2024-07-15 08:00:00,0.5234292029632325,ripple,XRP,XRP,29217819449.756477,1532407022.6960382,4,,,3.4,2018-01-07T00:00:00.000Z,0.05487499,2.50728,3038989757,2.36306
2024-07-16 08:00:00,0.5376616453581448,ripple,XRP,XRP,29965552583.371784,1792386347.1365612,4,,,3.4,2018-01-07T00:00:00.000Z,0.05487499,2.50728,3038989757,2.36306
2024-07-17 08:00:00,0.5787634815013228,ripple,XRP,XRP,32265300101.95077,3365824592.3680096,4,,,3.4,2018-01-07T00:00:00.000Z,0.05487499,2.50728,3038989757,2.36306
2024-07-18 08:00:00,0.6273851564998204,ripple,XRP,XRP,35102530730.86112,4234665637.2730927,4,,,3.4,2018-01-07T00:00:00.000Z,0.05487499,2.50728,3038989757,2.36306
2024-07-19 08:00:00,0.5692287514689783,ripple,XRP,XRP,31824985472.369778,2788220012.7058287,4,,,3.4,2018-01-07T00:00:00.000Z,0.05487499,2.50728,3038989757,2.36306
2024-07-20 08:00:00,0.5741558232605724,ripple,XRP,XRP,32077743531.21662,2308007332.073333,4,,,3.4,2018-01-07T00:00:00.000Z,0.05487499,2.50728,3038989757,2.36306
2024-07-21 08:00:00,0.595029933937848,ripple,XRP,XRP,33275930800.02671,1439012022.3069396,4,,,3.4,2018-01-07T00:00:00.000Z,0.05487499,2.50728,3038989757,2.36306
2024-07-22 08:00:00,0.5980160389473247,ripple,XRP,XRP,33432090664.344845,1647735329.5763204,4,,,3.4,2018-01-07T00:00:00.000Z,0.05487499,2.50728,3038989757,2.36306
2024-07-23 08:00:00,0.6074321975785351,ripple,XRP,XRP,33924582950.39692,2296442499.7947035,4,,,3.4,2018-01-07T00:00:00.000Z,0.05487499,2.50728,3038989757,2.36306
2024-07-24 08:00:00,0.5981912825646556,ripple,XRP,XRP,33445842125.35873,1651790888.6761835,4,,,3.4,2018-01-07T00:00:00.000Z,0.05487499,2.50728,3038989757,2.36306
2024-07-25 08:00:00,0.6185453553161305,ripple,XRP,XRP,34619548841.39433,2087303622.9724011,4,,,3.4,2018-01-07T00:00:00.000Z,0.05487499,2.50728,3038989757,2.36306
2024-07-26 08:00:00,0.5997679317152131,ripple,XRP,XRP,33551041246.844196,2413626637.836705,4,,,3.4,2018-01-07T00:00:00.000Z,0.05487499,2.50728,3038989757,2.36306
2024-07-27 08:00:00,0.6038043973469951,ripple,XRP,XRP,33785118967.62283,1478705555.166696,4,,,3.4,2018-01-07T00:00:00.000Z,0.05487499,2.50728,3038989757,2.36306
2024-07-28 08:00:00,0.5977718576875165,ripple,XRP,XRP,33461222350.94947,1128339419.425111,4,,,3.4,2018-01-07T00:00:00.000Z,0.05487499,2.50728,3038989757,2.36306
2024-07-29 08:00:00,0.6021780816719867,ripple,XRP,XRP,33692290472.99312,919421006.0982493,4,,,3.4,2018-01-07T00:00:00.000Z,0.05487499,2.50728,3038989757,2.36306
2024-07-30 08:00:00,0.6013541874571906,ripple,XRP,XRP,33693210425.325813,1215789202.844237,4,,,3.4,2018-01-07T00:00:00.000Z,0.05487499,2.50728,3038989757,2.36306
2024-07-31 08:00:00,0.627331702923322,ripple,XRP,XRP,35106027091.88801,2180451702.8585267,4,,,3.4,2018-01-07T00:00:00.000Z,0.05487499,2.50728,3038989757,2.36306
2024-08-01 08:00:00,0.6241359484378766,ripple,XRP,XRP,34922068515.62188,2437342632.355899,4,,,3.4,2018-01-07T00:00:00.000Z,0.05487499,2.50728,3038989757,2.36306
2024-08-02 08:00:00,0.5964948653083605,ripple,XRP,XRP,33435949522.587425,2106574760.7931805,4,,,3.4,2018-01-07T00:00:00.000Z,0.05487499,2.50728,3038989757,2.36306
2024-08-03 08:00:00,0.5608211562625613,ripple,XRP,XRP,31336203534.75014,1950995786.1091292,4,,,3.4,2018-01-07T00:00:00.000Z,0.05487499,2.50728,3038989757,2.36306
2024-08-04 08:00:00,0.5561223750845103,ripple,XRP,XRP,31148787375.519512,1376747027.6518893,4,,,3.4,2018-01-07T00:00:00.000Z,0.05487499,2.50728,3038989757,2.36306
2024-08-05 08:00:00,0.523000237013472,ripple,XRP,XRP,29353786043.34181,1188979704.3459642,4,,,3.4,2018-01-07T00:00:00.000Z,0.05487499,2.50728,3038989757,2.36306
2024-08-06 08:00:00,0.4902573980386893,ripple,XRP,XRP,27429698169.218105,4475639992.2202215,4,,,3.4,2018-01-07T00:00:00.000Z,0.05487499,2.50728,3038989757,2.36306
2024-08-07 08:00:00,0.5045865751146787,ripple,XRP,XRP,28264677754.315056,1847497499.3279817,4,,,3.4,2018-01-07T00:00:00.000Z,0.05487499,2.50728,3038989757,2.36306
2024-08-08 08:00:00,0.6047117740731156,ripple,XRP,XRP,34080056915.591267,4339719896.699449,4,,,3.4,2018-01-07T00:00:00.000Z,0.05487499,2.50728,3038989757,2.36306
2024-08-09 08:00:00,0.6180253163116132,ripple,XRP,XRP,34614498154.478294,3600078089.7499704,4,,,3.4,2018-01-07T00:00:00.000Z,0.05487499,2.50728,3038989757,2.36306
2024-08-10 08:00:00,0.58183869938522,ripple,XRP,XRP,32602368401.949657,2002417284.908657,4,,,3.4,2018-01-07T00:00:00.000Z,0.05487499,2.50728,3038989757,2.36306
2024-08-11 08:00:00,0.5859665998030177,ripple,XRP,XRP,32874309915.441666,1153241846.3211687,4,,,3.4,2018-01-07T00:00:00.000Z,0.05487499,2.50728,3038989757,2.36306
2024-08-12 08:00:00,0.5528843062140291,ripple,XRP,XRP,30977000852.659336,1196340831.0371697,4,,,3.4,2018-01-07T00:00:00.000Z,0.05487499,2.50728,3038989757,2.36306
2024-08-13 08:00:00,0.5686121537491582,ripple,XRP,XRP,31916231098.98676,1679555366.0561242,4,,,3.4,2018-01-07T00:00:00.000Z,0.05487499,2.50728,3038989757,2.36306
2024-08-14 08:00:00,0.5764397935244148,ripple,XRP,XRP,32334146418.002975,1312864400.606913,4,,,3.4,2018-01-07T00:00:00.000Z,0.05487499,2.50728,3038989757,2.36306
2024-08-15 08:00:00,0.568488461134045,ripple,XRP,XRP,31895125288.160538,1198200169.6454227,4,,,3.4,2018-01-07T00:00:00.000Z,0.05487499,2.50728,3038989757,2.36306
2024-08-16 08:00:00,0.5611367072808928,ripple,XRP,XRP,31487109561.59515,1330753520.6637406,4,,,3.4,2018-01-07T00:00:00.000Z,0.05487499,2.50728,3038989757,2.36306
2024-08-17 08:00:00,0.5639502515238202,ripple,XRP,XRP,31653017057.98766,1051389337.7009846,4,,,3.4,2018-01-07T00:00:00.000Z,0.05487499,2.50728,3038989757,2.36306
2024-08-18 08:00:00,0.566181906156675,ripple,XRP,XRP,31773619165.905563,447792270.1153169,4,,,3.4,2018-01-07T00:00:00.000Z,0.05487499,2.50728,3038989757,2.36306
2024-08-19 08:00:00,0.5641402621351506,ripple,XRP,XRP,31699229123.507595,617194458.1864655,4,,,3.4,2018-01-07T00:00:00.000Z,0.05487499,2.50728,3038989757,2.36306
2024-08-20 08:00:00,0.5991141923286195,ripple,XRP,XRP,33637408468.498966,1755788084.835185,4,,,3.4,2018-01-07T00:00:00.000Z,0.05487499,2.50728,3038989757,2.36306
2024-08-21 08:00:00,0.594394755189024,ripple,XRP,XRP,33333279765.967487,1401494292.4529498,4,,,3.4,2018-01-07T00:00:00.000Z,0.05487499,2.50728,3038989757,2.36306
2024-08-22 08:00:00,0.6003970672361606,ripple,XRP,XRP,33743715595.89921,1278773168.6333387,4,,,3.4,2018-01-07T00:00:00.000Z,0.05487499,2.50728,3038989757,2.36306
2024-08-23 08:00:00,0.5976871187626694,ripple,XRP,XRP,33589114363.11003,1006578176.215835,4,,,3.4,2018-01-07T00:00:00.000Z,0.05487499,2.50728,3038989757,2.36306
2024-08-24 08:00:00,0.6102506382532653,ripple,XRP,XRP,34283938679.53692,1400222917.466907,4,,,3.4,2018-01-07T00:00:00.000Z,0.05487499,2.50728,3038989757,2.36306
2024-08-25 08:00:00,0.6139391687850385,ripple,XRP,XRP,34491160674.30759,1209425430.7483633,4,,,3.4,2018-01-07T00:00:00.000Z,0.05487499,2.50728,3038989757,2.36306
2024-08-26 08:00:00,0.5995127578984722,ripple,XRP,XRP,33680683543.769005,934683774.9393411,4,,,3.4,2018-01-07T00:00:00.000Z,0.05487499,2.50728,3038989757,2.36306
2024-08-27 08:00:00,0.5872790171235059,ripple,XRP,XRP,32999976385.4302,1188834411.2691946,4,,,3.4,2018-01-07T00:00:00.000Z,0.05487499,2.50728,3038989757,2.36306
2024-08-28 08:00:00,0.5670252246535126,ripple,XRP,XRP,31857488696.739094,1648249019.2532597,4,,,3.4,2018-01-07T00:00:00.000Z,0.05487499,2.50728,3038989757,2.36306
2024-08-29 08:00:00,0.5696993284601568,ripple,XRP,XRP,32069384452.160854,1500729830.1107528,4,,,3.4,2018-01-07T00:00:00.000Z,0.05487499,2.50728,3038989757,2.36306
2024-08-30 08:00:00,0.561506372583823,ripple,XRP,XRP,31585196062.886494,1064481734.9849228,4,,,3.4,2018-01-07T00:00:00.000Z,0.05487499,2.50728,3038989757,2.36306
2024-08-31 08:00:00,0.5673490796111339,ripple,XRP,XRP,31919312705.246872,1204954666.5125787,4,,,3.4,2018-01-07T00:00:00.000Z,0.05487499,2.50728,3038989757,2.36306
2024-09-01 08:00:00,0.5658008208842239,ripple,XRP,XRP,31833847986.957657,459737907.0343127,4,,,3.4,2018-01-07T00:00:00.000Z,0.05487499,2.50728,3038989757,2.36306
2024-09-02 08:00:00,0.5482578347068274,ripple,XRP,XRP,30827802335.402847,703228575.3986151,4,,,3.4,2018-01-07T00:00:00.000Z,0.05487499,2.50728,3038989757,2.36306
2024-09-03 08:00:00,0.5671557310315145,ripple,XRP,XRP,31895124484.312572,935981359.5257839,4,,,3.4,2018-01-07T00:00:00.000Z,0.05487499,2.50728,3038989757,2.36306
2024-09-04 08:00:00,0.5574298894520976,ripple,XRP,XRP,31460288618.283867,948169272.4189343,4,,,3.4,2018-01-07T00:00:00.000Z,0.05487499,2.50728,3038989757,2.36306
2024-09-05 08:00:00,0.5579234385989325,ripple,XRP,XRP,31353043205.675346,1303738904.947038,4,,,3.4,2018-01-07T00:00:00.000Z,0.05487499,2.50728,3038989757,2.36306
2024-09-06 08:00:00,0.5441098914201123,ripple,XRP,XRP,30607113388.506454,1036536574.2933264,4,,,3.4,2018-01-07T00:00:00.000Z,0.05487499,2.50728,3038989757,2.36306
2024-09-07 08:00:00,0.5213130558804894,ripple,XRP,XRP,29371557075.01245,1723136656.842356,4,,,3.4,2018-01-07T00:00:00.000Z,0.05487499,2.50728,3038989757,2.36306
2024-09-08 08:00:00,0.5247980291815724,ripple,XRP,XRP,29548526637.092266,587212770.4091364,4,,,3.4,2018-01-07T00:00:00.000Z,0.05487499,2.50728,3038989757,2.36306
2024-09-09 08:00:00,0.5285291709201617,ripple,XRP,XRP,29774154782.962955,521287660.7729989,4,,,3.4,2018-01-07T00:00:00.000Z,0.05487499,2.50728,3038989757,2.36306
2024-09-10 08:00:00,0.5396089614101646,ripple,XRP,XRP,30395333618.446358,904225267.2384489,4,,,3.4,2018-01-07T00:00:00.000Z,0.05487499,2.50728,3038989757,2.36306
2024-09-11 08:00:00,0.5409989520278039,ripple,XRP,XRP,30471929007.34304,785524580.6774228,4,,,3.4,2018-01-07T00:00:00.000Z,0.05487499,2.50728,3038989757,2.36306
2024-09-12 08:00:00,0.5355035586141155,ripple,XRP,XRP,30175701058.586052,1003832742.0187716,4,,,3.4,2018-01-07T00:00:00.000Z,0.05487499,2.50728,3038989757,2.36306
2024-09-13 08:00:00,0.5625110835184267,ripple,XRP,XRP,31713263515.45175,1755892728.7051384,4,,,3.4,2018-01-07T00:00:00.000Z,0.05487499,2.50728,3038989757,2.36306
2024-09-14 08:00:00,0.5731586762437418,ripple,XRP,XRP,32316749262.834507,1315658124.0994296,4,,,3.4,2018-01-07T00:00:00.000Z,0.05487499,2.50728,3038989757,2.36306
2024-09-15 08:00:00,0.5963129007980363,ripple,XRP,XRP,33606464240.420605,1221362269.0817983,4,,,3.4,2018-01-07T00:00:00.000Z,0.05487499,2.50728,3038989757,2.36306
2024-09-16 08:00:00,0.5710582563848365,ripple,XRP,XRP,32178771098.00021,727164005.125297,4,,,3.4,2018-01-07T00:00:00.000Z,0.05487499,2.50728,3038989757,2.36306
2024-09-17 08:00:00,0.5855052549961755,ripple,XRP,XRP,33045852897.93933,1373012324.854466,4,,,3.4,2018-01-07T00:00:00.000Z,0.05487499,2.50728,3038989757,2.36306
2024-09-18 08:00:00,0.5849889783458981,ripple,XRP,XRP,32985201750.25279,1080504462.4947681,4,,,3.4,2018-01-07T00:00:00.000Z,0.05487499,2.50728,3038989757,2.36306
2024-09-19 08:00:00,0.5854354281725553,ripple,XRP,XRP,32970524763.027065,1301476892.0261323,4,,,3.4,2018-01-07T00:00:00.000Z,0.05487499,2.50728,3038989757,2.36306
2024-09-20 08:00:00,0.5874083871859748,ripple,XRP,XRP,33147629638.33711,1303901084.522276,4,,,3.4,2018-01-07T00:00:00.000Z,0.05487499,2.50728,3038989757,2.36306
2024-09-21 08:00:00,0.5849389522523643,ripple,XRP,XRP,33011549162.039215,1403359787.9714298,4,,,3.4,2018-01-07T00:00:00.000Z,0.05487499,2.50728,3038989757,2.36306
2024-09-22 08:00:00,0.5979982229214985,ripple,XRP,XRP,33764665008.627327,1078170702.8553727,4,,,3.4,2018-01-07T00:00:00.000Z,0.05487499,2.50728,3038989757,2.36306
2024-09-23 08:00:00,0.5879476818374326,ripple,XRP,XRP,33168320660.640076,992887707.356122,4,,,3.4,2018-01-07T00:00:00.000Z,0.05487499,2.50728,3038989757,2.36306
2024-09-24 08:00:00,0.585063893554206,ripple,XRP,XRP,33022282573.37144,1121279489.7439432,4,,,3.4,2018-01-07T00:00:00.000Z,0.05487499,2.50728,3038989757,2.36306
2024-09-25 08:00:00,0.5914408518035444,ripple,XRP,XRP,33380934130.37941,1227141705.7935853,4,,,3.4,2018-01-07T00:00:00.000Z,0.05487499,2.50728,3038989757,2.36306
2024-09-26 08:00:00,0.5838949675172452,ripple,XRP,XRP,32965388380.210888,1184864675.7010186,4,,,3.4,2018-01-07T00:00:00.000Z,0.05487499,2.50728,3038989757,2.36306
2024-09-27 08:00:00,0.590001948405351,ripple,XRP,XRP,33338294387.037434,1320296148.7263632,4,,,3.4,2018-01-07T00:00:00.000Z,0.05487499,2.50728,3038989757,2.36306
2024-09-28 08:00:00,0.5891149844820397,ripple,XRP,XRP,33329346797.44249,1401603759.7256885,4,,,3.4,2018-01-07T00:00:00.000Z,0.05487499,2.50728,3038989757,2.36306
2024-09-29 08:00:00,0.6150093639492326,ripple,XRP,XRP,34786926383.63196,2770313435.4847174,4,,,3.4,2018-01-07T00:00:00.000Z,0.05487499,2.50728,3038989757,2.36306
2024-09-30 08:00:00,0.6425919277698904,ripple,XRP,XRP,36340530782.95552,2594472533.021398,4,,,3.4,2018-01-07T00:00:00.000Z,0.05487499,2.50728,3038989757,2.36306
2024-10-01 08:00:00,0.6119339379239672,ripple,XRP,XRP,34688823292.79782,2572233994.51974,4,,,3.4,2018-01-07T00:00:00.000Z,0.05487499,2.50728,3038989757,2.36306
2024-10-02 08:00:00,0.5974675047314544,ripple,XRP,XRP,33843017507.639935,3132237056.7574463,4,,,3.4,2018-01-07T00:00:00.000Z,0.05487499,2.50728,3038989757,2.36306
2024-10-03 08:00:00,0.5388310673967639,ripple,XRP,XRP,30482283203.95177,2854956361.2907157,4,,,3.4,2018-01-07T00:00:00.000Z,0.05487499,2.50728,3038989757,2.36306
2024-10-04 08:00:00,0.5216590897682057,ripple,XRP,XRP,29492016906.451572,2514792835.7085347,4,,,3.4,2018-01-07T00:00:00.000Z,0.05487499,2.50728,3038989757,2.36306
2024-10-05 08:00:00,0.5347464951856385,ripple,XRP,XRP,30241736953.735302,1756699967.6584756,4,,,3.4,2018-01-07T00:00:00.000Z,0.05487499,2.50728,3038989757,2.36306
2024-10-06 08:00:00,0.529571423116506,ripple,XRP,XRP,29950127382.310875,704787690.747097,4,,,3.4,2018-01-07T00:00:00.000Z,0.05487499,2.50728,3038989757,2.36306
2024-10-07 08:00:00,0.5331799843165047,ripple,XRP,XRP,30163957726.921448,661126866.850374,4,,,3.4,2018-01-07T00:00:00.000Z,0.05487499,2.50728,3038989757,2.36306
2024-10-08 08:00:00,0.5298164990025274,ripple,XRP,XRP,29991350948.888397,1457223446.3666434,4,,,3.4,2018-01-07T00:00:00.000Z,0.05487499,2.50728,3038989757,2.36306
2024-10-09 08:00:00,0.5304632864784646,ripple,XRP,XRP,30047537648.119553,981211616.0414958,4,,,3.4,2018-01-07T00:00:00.000Z,0.05487499,2.50728,3038989757,2.36306
2024-10-10 08:00:00,0.5241586802763855,ripple,XRP,XRP,29716396937.686356,988344201.3982462,4,,,3.4,2018-01-07T00:00:00.000Z,0.05487499,2.50728,3038989757,2.36306
2024-10-11 08:00:00,0.5296651744741632,ripple,XRP,XRP,29991523628.326267,1432557077.6123195,4,,,3.4,2018-01-07T00:00:00.000Z,0.05487499,2.50728,3038989757,2.36306
2024-10-12 08:00:00,0.5383034205225485,ripple,XRP,XRP,30490054705.50027,1190815208.1062524,4,,,3.4,2018-01-07T00:00:00.000Z,0.05487499,2.50728,3038989757,2.36306
2024-10-13 08:00:00,0.5395284850689778,ripple,XRP,XRP,30564659258.72339,645446626.8989004,4,,,3.4,2018-01-07T00:00:00.000Z,0.05487499,2.50728,3038989757,2.36306
2024-10-14 08:00:00,0.5316807964040682,ripple,XRP,XRP,30100697508.467445,722573856.9859535,4,,,3.4,2018-01-07T00:00:00.000Z,0.05487499,2.50728,3038989757,2.36306
2024-10-15 08:00:00,0.5476009966197044,ripple,XRP,XRP,31002265585.27816,1242900975.6585948,4,,,3.4,2018-01-07T00:00:00.000Z,0.05487499,2.50728,3038989757,2.36306
2024-10-16 08:00:00,0.5409632993649031,ripple,XRP,XRP,30629081825.39223,1367435532.1191251,4,,,3.4,2018-01-07T00:00:00.000Z,0.05487499,2.50728,3038989757,2.36306
2024-10-17 08:00:00,0.5479583804429464,ripple,XRP,XRP,31018277725.845608,1323767637.0882344,4,,,3.4,2018-01-07T00:00:00.000Z,0.05487499,2.50728,3038989757,2.36306
2024-10-18 08:00:00,0.5437042949601256,ripple,XRP,XRP,30820760554.066605,1540201676.826673,4,,,3.4,2018-01-07T00:00:00.000Z,0.05487499,2.50728,3038989757,2.36306
2024-10-19 08:00:00,0.5465644502575023,ripple,XRP,XRP,31001905885.914104,1179631857.7752745,4,,,3.4,2018-01-07T00:00:00.000Z,0.05487499,2.50728,3038989757,2.36306
2024-10-20 08:00:00,0.5443283945989427,ripple,XRP,XRP,30867246079.877224,607926219.2223777,4,,,3.4,2018-01-07T00:00:00.000Z,0.05487499,2.50728,3038989757,2.36306
2024-10-21 08:00:00,0.5465831979073458,ripple,XRP,XRP,30973256934.50095,716137205.8632469,4,,,3.4,2018-01-07T00:00:00.000Z,0.05487499,2.50728,3038989757,2.36306
2024-10-22 08:00:00,0.5445056512310072,ripple,XRP,XRP,30875972291.16193,1687139598.4189222,4,,,3.4,2018-01-07T00:00:00.000Z,0.05487499,2.50728,3038989757,2.36306
2024-10-23 08:00:00,0.5335396650481757,ripple,XRP,XRP,30253863576.152824,1413784341.5111709,4,,,3.4,2018-01-07T00:00:00.000Z,0.05487499,2.50728,3038989757,2.36306
2024-10-24 08:00:00,0.5258264655883778,ripple,XRP,XRP,29817145765.75719,1131889382.0732894,4,,,3.4,2018-01-07T00:00:00.000Z,0.05487499,2.50728,3038989757,2.36306
2024-10-25 08:00:00,0.5320282424020402,ripple,XRP,XRP,30184555551.536434,1105162964.2092311,4,,,3.4,2018-01-07T00:00:00.000Z,0.05487499,2.50728,3038989757,2.36306
2024-10-26 08:00:00,0.500895433917532,ripple,XRP,XRP,28440409038.961575,1539105236.2092319,4,,,3.4,2018-01-07T00:00:00.000Z,0.05487499,2.50728,3038989757,2.36306
2024-10-27 08:00:00,0.5124799627206477,ripple,XRP,XRP,29112702064.221813,746298139.3435653,4,,,3.4,2018-01-07T00:00:00.000Z,0.05487499,2.50728,3038989757,2.36306
2024-10-28 08:00:00,0.51635641669338,ripple,XRP,XRP,29334461123.41089,515723360.5019684,4,,,3.4,2018-01-07T00:00:00.000Z,0.05487499,2.50728,3038989757,2.36306
2024-10-29 08:00:00,0.5191002715669417,ripple,XRP,XRP,29485957976.542343,883022544.7410569,4,,,3.4,2018-01-07T00:00:00.000Z,0.05487499,2.50728,3038989757,2.36306
2024-10-30 08:00:00,0.528517656350638,ripple,XRP,XRP,29961006346.77696,1258508083.114544,4,,,3.4,2018-01-07T00:00:00.000Z,0.05487499,2.50728,3038989757,2.36306
2024-10-31 08:00:00,0.5226520345867254,ripple,XRP,XRP,29701886227.67498,981528954.6185482,4,,,3.4,2018-01-07T00:00:00.000Z,0.05487499,2.50728,3038989757,2.36306
2024-11-01 08:00:00,0.5091122552105335,ripple,XRP,XRP,28963392418.661438,1131354676.4350793,4,,,3.4,2018-01-07T00:00:00.000Z,0.05487499,2.50728,3038989757,2.36306
2024-11-02 08:00:00,0.5131424762844533,ripple,XRP,XRP,29166533751.235336,1355947931.230893,4,,,3.4,2018-01-07T00:00:00.000Z,0.05487499,2.50728,3038989757,2.36306
2024-11-03 08:00:00,0.5097643435439516,ripple,XRP,XRP,28985111559.766685,498091504.1066253,4,,,3.4,2018-01-07T00:00:00.000Z,0.05487499,2.50728,3038989757,2.36306
2024-11-04 08:00:00,0.5030000429314513,ripple,XRP,XRP,28618008472.118652,949812735.3091639,4,,,3.4,2018-01-07T00:00:00.000Z,0.05487499,2.50728,3038989757,2.36306
2024-11-05 08:00:00,0.5028741495746917,ripple,XRP,XRP,28588507586.622833,1127632654.5137217,4,,,3.4,2018-01-07T00:00:00.000Z,0.05487499,2.50728,3038989757,2.36306
2024-11-06 08:00:00,0.5128033591125852,ripple,XRP,XRP,29164852946.820103,1210224258.0575829,4,,,3.4,2018-01-07T00:00:00.000Z,0.05487499,2.50728,3038989757,2.36306
2024-11-07 08:00:00,0.5424824356184882,ripple,XRP,XRP,30863600008.502956,2317119597.7454667,4,,,3.4,2018-01-07T00:00:00.000Z,0.05487499,2.50728,3038989757,2.36306
2024-11-08 08:00:00,0.5543554525216197,ripple,XRP,XRP,31525433833.759197,2234023598.9642086,4,,,3.4,2018-01-07T00:00:00.000Z,0.05487499,2.50728,3038989757,2.36306
2024-11-09 08:00:00,0.5540941347726905,ripple,XRP,XRP,31512175151.99012,1737713572.24308,4,,,3.4,2018-01-07T00:00:00.000Z,0.05487499,2.50728,3038989757,2.36306
2024-11-10 08:00:00,0.5574298820177034,ripple,XRP,XRP,31836113890.61354,1440484763.4288023,4,,,3.4,2018-01-07T00:00:00.000Z,0.05487499,2.50728,3038989757,2.36306
2024-11-11 08:00:00,0.5894389337521334,ripple,XRP,XRP,33489525846.208927,4261955471.851764,4,,,3.4,2018-01-07T00:00:00.000Z,0.05487499,2.50728,3038989757,2.36306
2024-11-12 08:00:00,0.6193846945256621,ripple,XRP,XRP,35253524705.02781,4422503003.126635,4,,,3.4,2018-01-07T00:00:00.000Z,0.05487499,2.50728,3038989757,2.36306
2024-11-13 08:00:00,0.7125696384831737,ripple,XRP,XRP,40525483376.80065,12912751557.030237,4,,,3.4,2018-01-07T00:00:00.000Z,0.05487499,2.50728,3038989757,2.36306
2024-11-14 08:00:00,0.6911785818007724,ripple,XRP,XRP,39323944238.49297,7120857884.644116,4,,,3.4,2018-01-07T00:00:00.000Z,0.05487499,2.50728,3038989757,2.36306
2024-11-15 08:00:00,0.7740480569596668,ripple,XRP,XRP,43890734442.8388,10551122422.101799,4,,,3.4,2018-01-07T00:00:00.000Z,0.05487499,2.50728,3038989757,2.36306
2024-11-16 08:00:00,0.8907551084456163,ripple,XRP,XRP,50684897337.31935,13116899767.153698,4,,,3.4,2018-01-07T00:00:00.000Z,0.05487499,2.50728,3038989757,2.36306
2024-11-17 08:00:00,1.1228963632747573,ripple,XRP,XRP,63977542700.94049,25751173599.94672,4,,,3.4,2018-01-07T00:00:00.000Z,0.05487499,2.50728,3038989757,2.36306
2024-11-18 08:00:00,1.0602237280952598,ripple,XRP,XRP,60359853822.81238,13225025169.216898,4,,,3.4,2018-01-07T00:00:00.000Z,0.05487499,2.50728,3038989757,2.36306
2024-11-19 08:00:00,1.1193660942144246,ripple,XRP,XRP,63688503912.77327,10836262760.734638,4,,,3.4,2018-01-07T00:00:00.000Z,0.05487499,2.50728,3038989757,2.36306
2024-11-20 08:00:00,1.1012126123074732,ripple,XRP,XRP,62700374445.7609,5476363653.953676,4,,,3.4,2018-01-07T00:00:00.000Z,0.05487499,2.50728,3038989757,2.36306
2024-11-21 08:00:00,1.107063129231089,ripple,XRP,XRP,63050379292.97722,7141998955.816309,4,,,3.4,2018-01-07T00:00:00.000Z,0.05487499,2.50728,3038989757,2.36306
2024-11-22 08:00:00,1.2323909552423495,ripple,XRP,XRP,69932142127.89014,11144862558.116425,4,,,3.4,2018-01-07T00:00:00.000Z,0.05487499,2.50728,3038989757,2.36306
2024-11-23 08:00:00,1.4608507832127549,ripple,XRP,XRP,83112386522.4217,17433244692.12234,4,,,3.4,2018-01-07T00:00:00.000Z,0.05487499,2.50728,3038989757,2.36306
2024-11-24 08:00:00,1.4647330527827664,ripple,XRP,XRP,83300744233.09833,17125117613.056425,4,,,3.4,2018-01-07T00:00:00.000Z,0.05487499,2.50728,3038989757,2.36306
2024-11-25 08:00:00,1.4316792853395408,ripple,XRP,XRP,81614292718.7067,13367222473.504513,4,,,3.4,2018-01-07T00:00:00.000Z,0.05487499,2.50728,3038989757,2.36306
2024-11-26 08:00:00,1.413864313999175,ripple,XRP,XRP,80506265953.6803,12629382786.491205,4,,,3.4,2018-01-07T00:00:00.000Z,0.05487499,2.50728,3038989757,2.36306
2024-11-27 08:00:00,1.3995450660087485,ripple,XRP,XRP,79759951140.23747,10442232771.880827,4,,,3.4,2018-01-07T00:00:00.000Z,0.05487499,2.50728,3038989757,2.36306
2024-11-28 08:00:00,1.4723732146032762,ripple,XRP,XRP,83883091379.35777,8681413551.471949,4,,,3.4,2018-01-07T00:00:00.000Z,0.05487499,2.50728,3038989757,2.36306
2024-11-29 08:00:00,1.5321753824792639,ripple,XRP,XRP,87107084090.89493,6394089240.385964,4,,,3.4,2018-01-07T00:00:00.000Z,0.05487499,2.50728,3038989757,2.36306
2024-11-30 08:00:00,1.8089606822663937,ripple,XRP,XRP,103191548907.76518,14120989557.306025,4,,,3.4,2018-01-07T00:00:00.000Z,0.05487499,2.50728,3038989757,2.36306
2024-12-01 08:00:00,1.9394127481300492,ripple,XRP,XRP,110604358349.34161,18118226774.28636,4,,,3.4,2018-01-07T00:00:00.000Z,0.05487499,2.50728,3038989757,2.36306
2024-12-02 08:00:00,2.286339588570724,ripple,XRP,XRP,130208395250.7976,18435365983.17054,4,,,3.4,2018-01-07T00:00:00.000Z,0.05487499,2.50728,3038989757,2.36306
2024-12-03 08:00:00,2.7088474745217135,ripple,XRP,XRP,154571837988.4362,53820003124.51403,4,,,3.4,2018-01-07T00:00:00.000Z,0.05487499,2.50728,3038989757,2.36306
2024-12-04 08:00:00,2.5319240970814882,ripple,XRP,XRP,144192803084.12503,37957094663.228096,4,,,3.4,2018-01-07T00:00:00.000Z,0.05487499,2.50728,3038989757,2.36306
2024-12-05 08:00:00,2.3476333135494314,ripple,XRP,XRP,133851646266.63329,24079777836.582573,4,,,3.4,2018-01-07T00:00:00.000Z,0.05487499,2.50728,3038989757,2.36306
2024-12-06 08:00:00,2.254523485462072,ripple,XRP,XRP,128679678709.415,22923661364.318054,4,,,3.4,2018-01-07T00:00:00.000Z,0.05487499,2.50728,3038989757,2.36306
2024-12-07 08:00:00,2.4172260514832065,ripple,XRP,XRP,137876201991.56064,12689093602.056667,4,,,3.4,2018-01-07T00:00:00.000Z,0.05487499,2.50728,3038989757,2.36306
2024-12-08 08:00:00,2.5927269695998327,ripple,XRP,XRP,148089387443.7888,13898192078.521193,4,,,3.4,2018-01-07T00:00:00.000Z,0.05487499,2.50728,3038989757,2.36306
2024-12-09 08:00:00,2.6181421664576834,ripple,XRP,XRP,149556382944.37164,10399952121.56792,4,,,3.4,2018-01-07T00:00:00.000Z,0.05487499,2.50728,3038989757,2.36306
2024-12-10 08:00:00,2.2158470487122726,ripple,XRP,XRP,126541301099.97853,20516080397.568897,4,,,3.4,2018-01-07T00:00:00.000Z,0.05487499,2.50728,3038989757,2.36306
2024-12-11 08:00:00,2.353484807585262,ripple,XRP,XRP,134366804425.19778,29173861101.339516,4,,,3.4,2018-01-07T00:00:00.000Z,0.05487499,2.50728,3038989757,2.36306
2024-12-12 08:00:00,2.4008764282936887,ripple,XRP,XRP,137137516260.63844,15899075206.770046,4,,,3.4,2018-01-07T00:00:00.000Z,0.05487499,2.50728,3038989757,2.36306
2024-12-13 08:00:00,2.342883102571944,ripple,XRP,XRP,134039705285.1272,11764450479.740368,4,,,3.4,2018-01-07T00:00:00.000Z,0.05487499,2.50728,3038989757,2.36306
2024-12-14 08:00:00,2.420254114567228,ripple,XRP,XRP,138341252309.82007,10210708750.872633,4,,,3.4,2018-01-07T00:00:00.000Z,0.05487499,2.50728,3038989757,2.36306
2024-12-15 08:00:00,2.3977637797048517,ripple,XRP,XRP,137201303559.24551,8261437423.651819,4,,,3.4,2018-01-07T00:00:00.000Z,0.05487499,2.50728,3038989757,2.36306
2024-12-16 08:00:00,2.4558394900030756,ripple,XRP,XRP,140694946111.10138,6560100595.864213,4,,,3.4,2018-01-07T00:00:00.000Z,0.05487499,2.50728,3038989757,2.36306
2024-12-17 08:00:00,2.4936338652184777,ripple,XRP,XRP,142688879208.51086,13981664984.767004,4,,,3.4,2018-01-07T00:00:00.000Z,0.05487499,2.50728,3038989757,2.36306
2024-12-18 08:00:00,2.5561912510090092,ripple,XRP,XRP,146207554966.0596,14678437514.774538,4,,,3.4,2018-01-07T00:00:00.000Z,0.05487499,2.50728,3038989757,2.36306
2024-12-19 08:00:00,2.2976668809594236,ripple,XRP,XRP,131273275335.39302,19736815651.813995,4,,,3.4,2018-01-07T00:00:00.000Z,0.05487499,2.50728,3038989757,2.36306
2024-12-20 08:00:00,2.255279457563669,ripple,XRP,XRP,129714340650.10556,21062431962.10383,4,,,3.4,2018-01-07T00:00:00.000Z,0.05487499,2.50728,3038989757,2.36306
2024-12-21 08:00:00,2.273996883525255,ripple,XRP,XRP,129981103119.06401,24697654647.91057,4,,,3.4,2018-01-07T00:00:00.000Z,0.05487499,2.50728,3038989757,2.36306
2024-12-22 08:00:00,2.236596962769888,ripple,XRP,XRP,127675851842.47113,13839484154.079449,4,,,3.4,2018-01-07T00:00:00.000Z,0.05487499,2.50728,3038989757,2.36306
2024-12-23 08:00:00,2.1983060900755347,ripple,XRP,XRP,126002620224.90738,10514832661.665255,4,,,3.4,2018-01-07T00:00:00.000Z,0.05487499,2.50728,3038989757,2.36306
2024-12-24 08:00:00,2.2548840492056637,ripple,XRP,XRP,129118625050.65549,9514499269.525232,4,,,3.4,2018-01-07T00:00:00.000Z,0.05487499,2.50728,3038989757,2.36306
2024-12-25 08:00:00,2.3273593261078007,ripple,XRP,XRP,133008444957.98181,5432535821.124748,4,,,3.4,2018-01-07T00:00:00.000Z,0.05487499,2.50728,3038989757,2.36306
2024-12-26 08:00:00,2.2971897897775637,ripple,XRP,XRP,131574173973.22885,3322151976.469681,4,,,3.4,2018-01-07T00:00:00.000Z,0.05487499,2.50728,3038989757,2.36306
2024-12-27 08:00:00,2.154071423410433,ripple,XRP,XRP,123818838011.45384,4873873373.23111,4,,,3.4,2018-01-07T00:00:00.000Z,0.05487499,2.50728,3038989757,2.36306
2024-12-28 08:00:00,2.14158677198617,ripple,XRP,XRP,122935306457.48709,4902016228.946082,4,,,3.4,2018-01-07T00:00:00.000Z,0.05487499,2.50728,3038989757,2.36306
2024-12-29 08:00:00,2.180869510101245,ripple,XRP,XRP,125229822421.2995,2525595970.0449395,4,,,3.4,2018-01-07T00:00:00.000Z,0.05487499,2.50728,3038989757,2.36306
2024-12-30 08:00:00,2.095671915727654,ripple,XRP,XRP,120314515334.02428,2675953522.389836,4,,,3.4,2018-01-07T00:00:00.000Z,0.05487499,2.50728,3038989757,2.36306
2024-12-31 08:00:00,2.056730467743344,ripple,XRP,XRP,117950842451.00076,6059015353.124691,4,,,3.4,2018-01-07T00:00:00.000Z,0.05487499,2.50728,3038989757,2.36306
2025-01-01 08:00:00,2.079333460354608,ripple,XRP,XRP,119440097047.7968,4128284760.622494,4,,,3.4,2018-01-07T00:00:00.000Z,0.05487499,2.50728,3038989757,2.36306
2025-01-02 08:00:00,2.315149796797427,ripple,XRP,XRP,132989230251.90656,6878704641.749808,4,,,3.4,2018-01-07T00:00:00.000Z,0.05487499,2.50728,3038989757,2.36306
2025-01-03 08:00:00,2.40463192614464,ripple,XRP,XRP,138114900580.5372,7459376387.38519,4,,,3.4,2018-01-07T00:00:00.000Z,0.05487499,2.50728,3038989757,2.36306
2025-01-04 08:00:00,2.4548598712183725,ripple,XRP,XRP,140904684872.33817,5864224741.784014,4,,,3.4,2018-01-07T00:00:00.000Z,0.05487499,2.50728,3038989757,2.36306
2025-01-05 08:00:00,2.4239342995923985,ripple,XRP,XRP,139171492627.42844,4561813417.310058,4,,,3.4,2018-01-07T00:00:00.000Z,0.05487499,2.50728,3038989757,2.36306
2025-01-06 08:00:00,2.403897929295378,ripple,XRP,XRP,138016718840.73596,4325348371.227318,4,,,3.4,2018-01-07T00:00:00.000Z,0.05487499,2.50728,3038989757,2.36306
2025-01-07 08:00:00,2.4191703139906173,ripple,XRP,XRP,138948192568.01584,4601519396.54358,4,,,3.4,2018-01-07T00:00:00.000Z,0.05487499,2.50728,3038989757,2.36306
2025-01-08 08:00:00,2.277173382256464,ripple,XRP,XRP,130820594444.53995,6652119689.816548,4,,,3.4,2018-01-07T00:00:00.000Z,0.05487499,2.50728,3038989757,2.36306
2025-01-09 08:00:00,2.3749601881392275,ripple,XRP,XRP,136415155142.45451,7697257372.31326,4,,,3.4,2018-01-07T00:00:00.000Z,0.05487499,2.50728,3038989757,2.36306
2025-01-10 08:00:00,2.2766790697699415,ripple,XRP,XRP,131013170943.18855,5639756658.075597,4,,,3.4,2018-01-07T00:00:00.000Z,0.05487499,2.50728,3038989757,2.36306
2025-01-11 08:00:00,2.34255697398572,ripple,XRP,XRP,134623347999.18698,4846732925.585662,4,,,3.4,2018-01-07T00:00:00.000Z,0.05487499,2.50728,3038989757,2.36306
2025-01-12 08:00:00,2.5750017025465097,ripple,XRP,XRP,148073207239.45142,6968218335.110517,4,,,3.4,2018-01-07T00:00:00.000Z,0.05487499,2.50728,3038989757,2.36306
2025-01-13 08:00:00,2.506265236852104,ripple,XRP,XRP,143972439143.77383,4880658835.456561,4,,,3.4,2018-01-07T00:00:00.000Z,0.05487499,2.50728,3038989757,2.36306
2025-01-14 08:00:00,2.521790688596697,ripple,XRP,XRP,144973001160.1348,9352507594.244612,4,,,3.4,2018-01-07T00:00:00.000Z,0.05487499,2.50728,3038989757,2.36306
2025-01-15 08:00:00,2.665683799958985,ripple,XRP,XRP,153183275031.40637,7423364604.740665,4,,,3.4,2018-01-07T00:00:00.000Z,0.05487499,2.50728,3038989757,2.36306
2025-01-16 08:00:00,3.1717669545860816,ripple,XRP,XRP,182346998821.3068,23417331296.55123,4,,,3.4,2018-01-07T00:00:00.000Z,0.05487499,2.50728,3038989757,2.36306
2025-01-17 08:00:00,3.2435591355149156,ripple,XRP,XRP,186758698075.1875,24889336467.66615,4,,,3.4,2018-01-07T00:00:00.000Z,0.05487499,2.50728,3038989757,2.36306
2025-01-18 08:00:00,3.3071606262102122,ripple,XRP,XRP,190386076856.00772,13491956428.691526,4,,,3.4,2018-01-07T00:00:00.000Z,0.05487499,2.50728,3038989757,2.36306
2025-01-19 08:00:00,3.2791397325625398,ripple,XRP,XRP,188798080040.87268,10204987556.110008,4,,,3.4,2018-01-07T00:00:00.000Z,0.05487499,2.50728,3038989757,2.36306
2025-01-20 08:00:00,2.9594983276278826,ripple,XRP,XRP,171067792033.8191,13089511624.10229,4,,,3.4,2018-01-07T00:00:00.000Z,0.05487499,2.50728,3038989757,2.36306
2025-01-21 08:00:00,3.0942466604471988,ripple,XRP,XRP,178304533111.39474,18183898272.877342,4,,,3.4,2018-01-07T00:00:00.000Z,0.05487499,2.50728,3038989757,2.36306
2025-01-22 08:00:00,3.17189708695212,ripple,XRP,XRP,182080583719.03888,9483639114.30823,4,,,3.4,2018-01-07T00:00:00.000Z,0.05487499,2.50728,3038989757,2.36306
2025-01-23 08:00:00,3.165211637985352,ripple,XRP,XRP,182211918798.90054,7359947674.323075,4,,,3.4,2018-01-07T00:00:00.000Z,0.05487499,2.50728,3038989757,2.36306
2025-01-24 08:00:00,3.1221750787983638,ripple,XRP,XRP,179846211928.48206,7860588482.871526,4,,,3.4,2018-01-07T00:00:00.000Z,0.05487499,2.50728,3038989757,2.36306
2025-01-25 08:00:00,3.1030936929352904,ripple,XRP,XRP,178687952164.23227,6165183598.347699,4,,,3.4,2018-01-07T00:00:00.000Z,0.05487499,2.50728,3038989757,2.36306
2025-01-26 08:00:00,3.1112088914665423,ripple,XRP,XRP,179333230200.2371,3013156759.4045396,4,,,3.4,2018-01-07T00:00:00.000Z,0.05487499,2.50728,3038989757,2.36306
2025-01-27 08:00:00,3.0173114670832017,ripple,XRP,XRP,174315205302.41763,3093938754.203019,4,,,3.4,2018-01-07T00:00:00.000Z,0.05487499,2.50728,3038989757,2.36306
2025-01-28 08:00:00,3.050802421938607,ripple,XRP,XRP,175549811985.1664,14811833894.587118,4,,,3.4,2018-01-07T00:00:00.000Z,0.05487499,2.50728,3038989757,2.36306
2025-01-29 08:00:00,3.0611147556516607,ripple,XRP,XRP,176293961831.06848,8515976594.593953,4,,,3.4,2018-01-07T00:00:00.000Z,0.05487499,2.50728,3038989757,2.36306
2025-01-30 08:00:00,3.0691756838533526,ripple,XRP,XRP,177065119441.67078,6362709455.940402,4,,,3.4,2018-01-07T00:00:00.000Z,0.05487499,2.50728,3038989757,2.36306
2025-01-31 08:00:00,3.1319365812312867,ripple,XRP,XRP,180743899111.4196,4444654575.269272,4,,,3.4,2018-01-07T00:00:00.000Z,0.05487499,2.50728,3038989757,2.36306
2025-02-01 08:00:00,3.0378089439522897,ripple,XRP,XRP,175326105898.6084,4079932391.7375703,4,,,3.4,2018-01-07T00:00:00.000Z,0.05487499,2.50728,3038989757,2.36306
2025-02-02 08:00:00,2.8808649918084224,ripple,XRP,XRP,166457043070.02295,4285675849.353482,4,,,3.4,2018-01-07T00:00:00.000Z,0.05487499,2.50728,3038989757,2.36306
2025-02-03 08:00:00,2.5701343337873217,ripple,XRP,XRP,147851780048.77136,13660382309.418026,4,,,3.4,2018-01-07T00:00:00.000Z,0.05487499,2.50728,3038989757,2.36306
2025-02-04 08:00:00,2.692671869551836,ripple,XRP,XRP,155372328311.50732,31670736568.02988,4,,,3.4,2018-01-07T00:00:00.000Z,0.05487499,2.50728,3038989757,2.36306
2025-02-05 08:00:00,2.5396358959727894,ripple,XRP,XRP,146391101372.16553,12051077026.669235,4,,,3.4,2018-01-07T00:00:00.000Z,0.05487499,2.50728,3038989757,2.36306
2025-02-06 08:00:00,2.382739358632423,ripple,XRP,XRP,137388137146.75491,6660157683.363499,4,,,3.4,2018-01-07T00:00:00.000Z,0.05487499,2.50728,3038989757,2.36306
2025-02-07 08:00:00,2.3220918869431886,ripple,XRP,XRP,134102194064.824,6304942916.816331,4,,,3.4,2018-01-07T00:00:00.000Z,0.05487499,2.50728,3038989757,2.36306
2025-02-08 08:00:00,2.392435922501591,ripple,XRP,XRP,137991646571.74292,7913782642.824578,4,,,3.4,2018-01-07T00:00:00.000Z,0.05487499,2.50728,3038989757,2.36306
2025-02-09 08:00:00,2.4256391631678023,ripple,XRP,XRP,140105845431.88702,3450039945.4201026,4,,,3.4,2018-01-07T00:00:00.000Z,0.05487499,2.50728,3038989757,2.36306
2025-02-10 08:00:00,2.3984218500627317,ripple,XRP,XRP,138409786399.36917,4110259067.581117,4,,,3.4,2018-01-07T00:00:00.000Z,0.05487499,2.50728,3038989757,2.36306
2025-02-11 08:00:00,2.4205102148292257,ripple,XRP,XRP,139801386331.32983,4147958037.3114934,4,,,3.4,2018-01-07T00:00:00.000Z,0.05487499,2.50728,3038989757,2.36306
2025-02-12 08:00:00,2.415999707081464,ripple,XRP,XRP,139710665798.44403,4814243274.422465,4,,,3.4,2018-01-07T00:00:00.000Z,0.05487499,2.50728,3038989757,2.36306
2025-02-13 08:00:00,2.471858085297504,ripple,XRP,XRP,142635962453.91898,4845109298.913685,4,,,3.4,2018-01-07T00:00:00.000Z,0.05487499,2.50728,3038989757,2.36306
2025-02-14 08:00:00,2.5469915483007073,ripple,XRP,XRP,147228408835.623,4437008065.063592,4,,,3.4,2018-01-07T00:00:00.000Z,0.05487499,2.50728,3038989757,2.36306
2025-02-15 08:00:00,2.7396888464817004,ripple,XRP,XRP,158349869676.88498,7692468675.335378,4,,,3.4,2018-01-07T00:00:00.000Z,0.05487499,2.50728,3038989757,2.36306
2025-02-16 08:00:00,2.761982091436805,ripple,XRP,XRP,159697712640.8593,3946216492.011967,4,,,3.4,2018-01-07T00:00:00.000Z,0.05487499,2.50728,3038989757,2.36306
2025-02-17 08:00:00,2.7251894289423855,ripple,XRP,XRP,157590298702.77087,2966410173.436753,4,,,3.4,2018-01-07T00:00:00.000Z,0.05487499,2.50728,3038989757,2.36306
2025-02-18 08:00:00,2.657177556541445,ripple,XRP,XRP,153528550403.44104,4243544437.8198156,4,,,3.4,2018-01-07T00:00:00.000Z,0.05487499,2.50728,3038989757,2.36306
2025-02-19 08:00:00,2.5598643991689105,ripple,XRP,XRP,147965082000.5594,4627790087.108664,4,,,3.4,2018-01-07T00:00:00.000Z,0.05487499,2.50728,3038989757,2.36306
2025-02-20 08:00:00,2.735199200390807,ripple,XRP,XRP,158268061805.8835,4421689360.016513,4,,,3.4,2018-01-07T00:00:00.000Z,0.05487499,2.50728,3038989757,2.36306
2025-02-21 08:00:00,2.692229831317779,ripple,XRP,XRP,155803376373.91476,3770413761.6316905,4,,,3.4,2018-01-07T00:00:00.000Z,0.05487499,2.50728,3038989757,2.36306
2025-02-22 08:00:00,2.5717797656907977,ripple,XRP,XRP,148872353458.57578,5146660908.7574835,4,,,3.4,2018-01-07T00:00:00.000Z,0.05487499,2.50728,3038989757,2.36306
2025-02-23 08:00:00,2.575864230459674,ripple,XRP,XRP,149186293144.36478,2039899166.1574712,4,,,3.4,2018-01-07T00:00:00.000Z,0.05487499,2.50728,3038989757,2.36306
2025-02-24 08:00:00,2.5798851271909053,ripple,XRP,XRP,149332625214.34015,2072248429.8119543,4,,,3.4,2018-01-07T00:00:00.000Z,0.05487499,2.50728,3038989757,2.36306
2025-02-25 08:00:00,2.276184020826259,ripple,XRP,XRP,131520287326.65497,7132791349.200123,4,,,3.4,2018-01-07T00:00:00.000Z,0.05487499,2.50728,3038989757,2.36306
2025-02-26 08:00:00,2.3223450440589835,ripple,XRP,XRP,134627197923.42966,11111605787.309338,4,,,3.4,2018-01-07T00:00:00.000Z,0.05487499,2.50728,3038989757,2.36306
2025-02-27 08:00:00,2.189561722001525,ripple,XRP,XRP,126766064785.14323,5936591863.896251,4,,,3.4,2018-01-07T00:00:00.000Z,0.05487499,2.50728,3038989757,2.36306
2025-02-28 08:00:00,2.198289525306682,ripple,XRP,XRP,127370369245.55621,4202173606.0705705,4,,,3.4,2018-01-07T00:00:00.000Z,0.05487499,2.50728,3038989757,2.36306
2025-03-01 08:00:00,2.1465990447641925,ripple,XRP,XRP,124392769084.65245,7266804533.901892,4,,,3.4,2018-01-07T00:00:00.000Z,0.05487499,2.50728,3038989757,2.36306
2025-03-02 08:00:00,2.1894731626978965,ripple,XRP,XRP,126879303287.73642,2722347817.663738,4,,,3.4,2018-01-07T00:00:00.000Z,0.05487499,2.50728,3038989757,2.36306
2025-03-03 08:00:00,2.9400745785854188,ripple,XRP,XRP,169870381405.5461,14741402315.716309,4,,,3.4,2018-01-07T00:00:00.000Z,0.05487499,2.50728,3038989757,2.36306
2025-03-04 08:00:00,2.388920229250619,ripple,XRP,XRP,138435194914.58316,12094018756.991077,4,,,3.4,2018-01-07T00:00:00.000Z,0.05487499,2.50728,3038989757,2.36306
2025-03-05 08:00:00,2.457837324155463,ripple,XRP,XRP,142402404085.68878,9500571374.26868,4,,,3.4,2018-01-07T00:00:00.000Z,0.05487499,2.50728,3038989757,2.36306
2025-03-06 08:00:00,2.499863067769013,ripple,XRP,XRP,144939887560.6096,5198767002.65725,4,,,3.4,2018-01-07T00:00:00.000Z,0.05487499,2.50728,3038989757,2.36306
2025-03-07 08:00:00,2.5997307467157778,ripple,XRP,XRP,150505175945.87762,5916822614.47232,4,,,3.4,2018-01-07T00:00:00.000Z,0.05487499,2.50728,3038989757,2.36306
2025-03-08 08:00:00,2.380727791456965,ripple,XRP,XRP,138185297003.6274,8328229777.709091,4,,,3.4,2018-01-07T00:00:00.000Z,0.05487499,2.50728,3038989757,2.36306
2025-03-09 08:00:00,2.3242332249590425,ripple,XRP,XRP,134862079473.84915,3009552907.467017,4,,,3.4,2018-01-07T00:00:00.000Z,0.05487499,2.50728,3038989757,2.36306
2025-03-10 08:00:00,2.1362635270101267,ripple,XRP,XRP,124005386868.27167,5104105960.491239,4,,,3.4,2018-01-07T00:00:00.000Z,0.05487499,2.50728,3038989757,2.36306
2025-03-11 08:00:00,2.029057833175655,ripple,XRP,XRP,118387557436.81892,6907399289.102193,4,,,3.4,2018-01-07T00:00:00.000Z,0.05487499,2.50728,3038989757,2.36306
2025-03-12 08:00:00,2.169350707525431,ripple,XRP,XRP,125957593301.54716,6722860049.514889,4,,,3.4,2018-01-07T00:00:00.000Z,0.05487499,2.50728,3038989757,2.36306
2025-03-13 08:00:00,2.2417249293681443,ripple,XRP,XRP,129987896211.968,5394933491.485324,4,,,3.4,2018-01-07T00:00:00.000Z,0.05487499,2.50728,3038989757,2.36306
2025-03-14 08:00:00,2.2504187411894,ripple,XRP,XRP,130684530591.66603,4700482638.06465,4,,,3.4,2018-01-07T00:00:00.000Z,0.05487499,2.50728,3038989757,2.36306
2025-03-15 08:00:00,2.3564128660327603,ripple,XRP,XRP,136928855738.28758,3738755688.1164246,4,,,3.4,2018-01-07T00:00:00.000Z,0.05487499,2.50728,3038989757,2.36306
2025-03-16 08:00:00,2.392285579817487,ripple,XRP,XRP,138962507103.3046,2903593748.7332563,4,,,3.4,2018-01-07T00:00:00.000Z,0.05487499,2.50728,3038989757,2.36306
2025-03-17 08:00:00,2.3009096388651695,ripple,XRP,XRP,133729450717.8674,3149719385.5106583,4,,,3.4,2018-01-07T00:00:00.000Z,0.05487499,2.50728,3038989757,2.36306
2025-03-18 08:00:00,2.3408005213311123,ripple,XRP,XRP,136034346384.5807,2955610989.2377267,4,,,3.4,2018-01-07T00:00:00.000Z,0.05487499,2.50728,3038989757,2.36306
2025-03-19 08:00:00,2.2893484606821164,ripple,XRP,XRP,133056596229.87404,2950644595.364279,4,,,3.4,2018-01-07T00:00:00.000Z,0.05487499,2.50728,3038989757,2.36306
2025-03-20 08:00:00,2.5520572493716633,ripple,XRP,XRP,148446009880.021,9834502912.85249,4,,,3.4,2018-01-07T00:00:00.000Z,0.05487499,2.50728,3038989757,2.36306
2025-03-21 08:00:00,2.4346891248225995,ripple,XRP,XRP,141749550828.59042,4258912106.63044,4,,,3.4,2018-01-07T00:00:00.000Z,0.05487499,2.50728,3038989757,2.36306
2025-03-22 08:00:00,2.381259233831182,ripple,XRP,XRP,138510356756.64886,3380818952.23797,4,,,3.4,2018-01-07T00:00:00.000Z,0.05487499,2.50728,3038989757,2.36306
2025-03-23 08:00:00,2.3671814913704625,ripple,XRP,XRP,137633684733.8346,1482324406.8968267,4,,,3.4,2018-01-07T00:00:00.000Z,0.05487499,2.50728,3038989757,2.36306
2025-03-24 08:00:00,2.4358937819105337,ripple,XRP,XRP,141666982426.27832,2036803299.3463094,4,,,3.4,2018-01-07T00:00:00.000Z,0.05487499,2.50728,3038989757,2.36306
2025-03-25 08:00:00,2.4467862393977193,ripple,XRP,XRP,142182563236.7044,3267297475.9622283,4,,,3.4,2018-01-07T00:00:00.000Z,0.05487499,2.50728,3038989757,2.36306
2025-03-26 08:00:00,2.4520786954901945,ripple,XRP,XRP,142530870243.74066,2336452138.4735017,4,,,3.4,2018-01-07T00:00:00.000Z,0.05487499,2.50728,3038989757,2.36306
2025-03-27 08:00:00,2.349686594688749,ripple,XRP,XRP,136740698537.37582,2854543228.9574385,4,,,3.4,2018-01-07T00:00:00.000Z,0.05487499,2.50728,3038989757,2.36306
2025-03-28 08:00:00,2.339530083958925,ripple,XRP,XRP,136083790198.2617,2422690506.5141454,4,,,3.4,2018-01-07T00:00:00.000Z,0.05487499,2.50728,3038989757,2.36306
2025-03-29 08:00:00,2.2038347130132383,ripple,XRP,XRP,128190870625.22104,3837465479.151629,4,,,3.4,2018-01-07T00:00:00.000Z,0.05487499,2.50728,3038989757,2.36306
2025-03-30 08:00:00,2.1388622985209467,ripple,XRP,XRP,124469293101.58473,3354267610.3426833,4,,,3.4,2018-01-07T00:00:00.000Z,0.05487499,2.50728,3038989757,2.36306
2025-03-31 08:00:00,2.135945706762188,ripple,XRP,XRP,124324478160.5522,2477465471.988889,4,,,3.4,2018-01-07T00:00:00.000Z,0.05487499,2.50728,3038989757,2.36306
2025-04-01 08:00:00,2.0905159571547878,ripple,XRP,XRP,121557920573.70189,3972610740.3424234,4,,,3.4,2018-01-07T00:00:00.000Z,0.05487499,2.50728,3038989757,2.36306
2025-04-02 08:00:00,2.140991043686336,ripple,XRP,XRP,124525644957.65971,3641319247.188034,4,,,3.4,2018-01-07T00:00:00.000Z,0.05487499,2.50728,3038989757,2.36306
2025-04-03 08:00:00,2.030360837075233,ripple,XRP,XRP,118295307955.43494,5271112203.164092,4,,,3.4,2018-01-07T00:00:00.000Z,0.05487499,2.50728,3038989757,2.36306
2025-04-04 08:00:00,2.0641704630367608,ripple,XRP,XRP,120421038483.8677,4928791386.955327,4,,,3.4,2018-01-07T00:00:00.000Z,0.05487499,2.50728,3038989757,2.36306
2025-04-05 08:00:00,2.1277037304012105,ripple,XRP,XRP,123967383174.98845,4939434201.608915,4,,,3.4,2018-01-07T00:00:00.000Z,0.05487499,2.50728,3038989757,2.36306
2025-04-06 08:00:00,2.148561695180789,ripple,XRP,XRP,124960176668.53568,1897079007.2541249,4,,,3.4,2018-01-07T00:00:00.000Z,0.05487499,2.50728,3038989757,2.36306
2025-04-07 08:00:00,1.9232068608073252,ripple,XRP,XRP,112137731756.69206,5107597669.95859,4,,,3.4,2018-01-07T00:00:00.000Z,0.05487499,2.50728,3038989757,2.36306
2025-04-08 08:00:00,1.8972731944488423,ripple,XRP,XRP,111374044255.21884,11995374383.503767,4,,,3.4,2018-01-07T00:00:00.000Z,0.05487499,2.50728,3038989757,2.36306
2025-04-09 08:00:00,1.791941720267648,ripple,XRP,XRP,104372568049.6828,5812951206.534424,4,,,3.4,2018-01-07T00:00:00.000Z,0.05487499,2.50728,3038989757,2.36306
2025-04-10 08:00:00,2.0504426400353335,ripple,XRP,XRP,119481580828.56442,8269048094.879033,4,,,3.4,2018-01-07T00:00:00.000Z,0.05487499,2.50728,3038989757,2.36306
2025-04-11 08:00:00,1.96981883924698,ripple,XRP,XRP,114817594408.03955,3847540778.0903244,4,,,3.4,2018-01-07T00:00:00.000Z,0.05487499,2.50728,3038989757,2.36306
2025-04-12 08:00:00,2.0237864771088336,ripple,XRP,XRP,118009313254.15909,2990956512.0131035,4,,,3.4,2018-01-07T00:00:00.000Z,0.05487499,2.50728,3038989757,2.36306
2025-04-13 08:00:00,2.156688589695265,ripple,XRP,XRP,125823708133.3325,2972887951.415155,4,,,3.4,2018-01-07T00:00:00.000Z,0.05487499,2.50728,3038989757,2.36306
2025-04-14 08:00:00,2.118179146058531,ripple,XRP,XRP,123493869513.43184,3631412098.056245,4,,,3.4,2018-01-07T00:00:00.000Z,0.05487499,2.50728,3038989757,2.36306
2025-04-15 08:00:00,2.127444298086899,ripple,XRP,XRP,124110719906.46971,2865825696.824176,4,,,3.4,2018-01-07T00:00:00.000Z,0.05487499,2.50728,3038989757,2.36306
2025-04-16 08:00:00,2.087166740701441,ripple,XRP,XRP,121753153315.34601,2529137788.826132,4,,,3.4,2018-01-07T00:00:00.000Z,0.05487499,2.50728,3038989757,2.36306
2025-04-17 08:00:00,2.0835198434155506,ripple,XRP,XRP,121582974416.46419,2975625490.375688,4,,,3.4,2018-01-07T00:00:00.000Z,0.05487499,2.50728,3038989757,2.36306
2025-04-18 08:00:00,2.0677436115822867,ripple,XRP,XRP,120634755808.2574,2069087395.311297,4,,,3.4,2018-01-07T00:00:00.000Z,0.05487499,2.50728,3038989757,2.36306
2025-04-19 08:00:00,2.062691684044618,ripple,XRP,XRP,120498813069.50467,1528702114.8309712,4,,,3.4,2018-01-07T00:00:00.000Z,0.05487499,2.50728,3038989757,2.36306
2025-04-20 08:00:00,2.0855273823856817,ripple,XRP,XRP,121758359729.22354,1198082570.278999,4,,,3.4,2018-01-07T00:00:00.000Z,0.05487499,2.50728,3038989757,2.36306
2025-04-21 08:00:00,2.0747196454629124,ripple,XRP,XRP,121133082660.90799,1454273605.4356875,4,,,3.4,2018-01-07T00:00:00.000Z,0.05487499,2.50728,3038989757,2.36306
2025-04-22 08:00:00,2.0806696781556395,ripple,XRP,XRP,121475020267.02992,2357222891.83461,4,,,3.4,2018-01-07T00:00:00.000Z,0.05487499,2.50728,3038989757,2.36306
2025-04-23 08:00:00,2.221159426695198,ripple,XRP,XRP,129738952495.80452,4117163104.17999,4,,,3.4,2018-01-07T00:00:00.000Z,0.05487499,2.50728,3038989757,2.36306
2025-04-24 08:00:00,2.217823599038466,ripple,XRP,XRP,129639794259.17175,4996062046.359891,4,,,3.4,2018-01-07T00:00:00.000Z,0.05487499,2.50728,3038989757,2.36306
2025-04-25 08:00:00,2.206600349886956,ripple,XRP,XRP,128910293391.45277,4208930304.223753,4,,,3.4,2018-01-07T00:00:00.000Z,0.05487499,2.50728,3038989757,2.36306
2025-04-26 08:00:00,2.1852873809524738,ripple,XRP,XRP,127618810209.93896,3234722208.502314,4,,,3.4,2018-01-07T00:00:00.000Z,0.05487499,2.50728,3038989757,2.36306
2025-04-27 08:00:00,2.1932493737799863,ripple,XRP,XRP,128211658278.5239,2459783783.285445,4,,,3.4,2018-01-07T00:00:00.000Z,0.05487499,2.50728,3038989757,2.36306
2025-04-28 08:00:00,2.2566771719971905,ripple,XRP,XRP,131895374150.1833,3751692488.2109566,4,,,3.4,2018-01-07T00:00:00.000Z,0.05487499,2.50728,3038989757,2.36306
2025-04-29 08:00:00,2.2959679622378415,ripple,XRP,XRP,134250948391.53383,4072974943.4389,4,,,3.4,2018-01-07T00:00:00.000Z,0.05487499,2.50728,3038989757,2.36306
2025-04-30 08:00:00,2.2399407863578777,ripple,XRP,XRP,130723771364.09366,2489793878.0180745,4,,,3.4,2018-01-07T00:00:00.000Z,0.05487499,2.50728,3038989757,2.36306
2025-05-01 08:00:00,2.1934727928877984,ripple,XRP,XRP,128224503927.07297,3252726421.623423,4,,,3.4,2018-01-07T00:00:00.000Z,0.05487499,2.50728,3038989757,2.36306
2025-05-02 08:00:00,2.2143085222346612,ripple,XRP,XRP,129560735707.48988,2155611895.0543213,4,,,3.4,2018-01-07T00:00:00.000Z,0.05487499,2.50728,3038989757,2.36306
2025-05-03 08:00:00,2.2089170454344824,ripple,XRP,XRP,129205378828.50716,1739910937.9821632,4,,,3.4,2018-01-07T00:00:00.000Z,0.05487499,2.50728,3038989757,2.36306
2025-05-04 08:00:00,2.188707355411367,ripple,XRP,XRP,128054986434.6052,1214767487.7877498,4,,,3.4,2018-01-07T00:00:00.000Z,0.05487499,2.50728,3038989757,2.36306
2025-05-05 08:00:00,2.1580623583353407,ripple,XRP,XRP,126191990501.91487,1372805879.5778592,4,,,3.4,2018-01-07T00:00:00.000Z,0.05487499,2.50728,3038989757,2.36306
2025-05-06 08:00:00,2.1371617409153263,ripple,XRP,XRP,125040025715.65521,2194829695.4970164,4,,,3.4,2018-01-07T00:00:00.000Z,0.05487499,2.50728,3038989757,2.36306
2025-05-07 08:00:00,2.1553467775958843,ripple,XRP,XRP,126104946148.98138,2048616981.3491316,4,,,3.4,2018-01-07T00:00:00.000Z,0.05487499,2.50728,3038989757,2.36306
2025-05-08 08:00:00,2.1289110212370352,ripple,XRP,XRP,124559831965.93013,3559099566.438218,4,,,3.4,2018-01-07T00:00:00.000Z,0.05487499,2.50728,3038989757,2.36306
2025-05-09 08:00:00,2.318857034757937,ripple,XRP,XRP,135698075505.87671,4731256282.308641,4,,,3.4,2018-01-07T00:00:00.000Z,0.05487499,2.50728,3038989757,2.36306
2025-05-10 08:00:00,2.34260418658349,ripple,XRP,XRP,137157723819.54608,6008731144.741504,4,,,3.4,2018-01-07T00:00:00.000Z,0.05487499,2.50728,3038989757,2.36306
2025-05-11 08:00:00,2.465515991652043,ripple,XRP,XRP,144193513526.4072,4343182682.254746,4,,,3.4,2018-01-07T00:00:00.000Z,0.05487499,2.50728,3038989757,2.36306
2025-05-12 08:00:00,2.3665185406774456,ripple,XRP,XRP,138618419781.15787,3957902320.317386,4,,,3.4,2018-01-07T00:00:00.000Z,0.05487499,2.50728,3038989757,2.36306
2025-05-13 08:00:00,2.5407166812994824,ripple,XRP,XRP,148849179940.72635,10787624520.70423,4,,,3.4,2018-01-07T00:00:00.000Z,0.05487499,2.50728,3038989757,2.36306
2025-05-14 08:00:00,2.5882656119238727,ripple,XRP,XRP,151577986548.9196,6137110174.707251,4,,,3.4,2018-01-07T00:00:00.000Z,0.05487499,2.50728,3038989757,2.36306
2025-05-15 08:00:00,2.552660064054796,ripple,XRP,XRP,149428679555.88635,4956660171.954109,4,,,3.4,2018-01-07T00:00:00.000Z,0.05487499,2.50728,3038989757,2.36306
2025-05-16 08:00:00,2.3780203600308965,ripple,XRP,XRP,139404660869.70312,5285627666.563696,4,,,3.4,2018-01-07T00:00:00.000Z,0.05487499,2.50728,3038989757,2.36306
2025-05-17 08:00:00,2.387491166631724,ripple,XRP,XRP,139986244266.36224,3668091279.885704,4,,,3.4,2018-01-07T00:00:00.000Z,0.05487499,2.50728,3038989757,2.36306
2025-05-18 08:00:00,2.352615765613394,ripple,XRP,XRP,137901408638.97586,2378581122.524433,4,,,3.4,2018-01-07T00:00:00.000Z,0.05487499,2.50728,3038989757,2.36306
2025-05-19 08:00:00,2.4178990437197814,ripple,XRP,XRP,141620424382.77466,2871045382.6763167,4,,,3.4,2018-01-07T00:00:00.000Z,0.05487499,2.50728,3038989757,2.36306
2025-05-20 08:00:00,2.3808727609208282,ripple,XRP,XRP,139572032487.0291,3326769717.093891,4,,,3.4,2018-01-07T00:00:00.000Z,0.05487499,2.50728,3038989757,2.36306
2025-05-21 08:00:00,2.356578233921423,ripple,XRP,XRP,138242427979.4986,2736702822.998838,4,,,3.4,2018-01-07T00:00:00.000Z,0.05487499,2.50728,3038989757,2.36306
2025-05-22 08:00:00,2.4028996266349396,ripple,XRP,XRP,141104708088.64645,3857208347.067667,4,,,3.4,2018-01-07T00:00:00.000Z,0.05487499,2.50728,3038989757,2.36306
2025-05-23 08:00:00,2.4284164339274192,ripple,XRP,XRP,142497452230.75037,3423292472.9337497,4,,,3.4,2018-01-07T00:00:00.000Z,0.05487499,2.50728,3038989757,2.36306
2025-05-24 08:00:00,2.2991928362328755,ripple,XRP,XRP,135209260273.52768,3803614983.5157166,4,,,3.4,2018-01-07T00:00:00.000Z,0.05487499,2.50728,3038989757,2.36306
2025-05-25 08:00:00,2.3319094660057416,ripple,XRP,XRP,136856085709.11539,1372961335.2188973,4,,,3.4,2018-01-07T00:00:00.000Z,0.05487499,2.50728,3038989757,2.36306
2025-05-26 08:00:00,2.3405861862412927,ripple,XRP,XRP,137358561276.94505,1905275005.1451297,4,,,3.4,2018-01-07T00:00:00.000Z,0.05487499,2.50728,3038989757,2.36306
2025-05-27 08:00:00,2.3082922649115565,ripple,XRP,XRP,135464456690.66678,1661784737.5361876,4,,,3.4,2018-01-07T00:00:00.000Z,0.05487499,2.50728,3038989757,2.36306
2025-05-28 08:00:00,2.3186677687774426,ripple,XRP,XRP,136063470027.7747,2048276738.5749948,4,,,3.4,2018-01-07T00:00:00.000Z,0.05487499,2.50728,3038989757,2.36306
2025-05-29 08:00:00,2.2746048552552507,ripple,XRP,XRP,133537852092.5528,2074053702.379202,4,,,3.4,2018-01-07T00:00:00.000Z,0.05487499,2.50728,3038989757,2.36306
2025-05-30 08:00:00,2.2505538163676135,ripple,XRP,XRP,132132467347.38953,2179459280.652964,4,,,3.4,2018-01-07T00:00:00.000Z,0.05487499,2.50728,3038989757,2.36306
2025-05-31 08:00:00,2.1423194738068942,ripple,XRP,XRP,125892164966.56429,3372833929.9944954,4,,,3.4,2018-01-07T00:00:00.000Z,0.05487499,2.50728,3038989757,2.36306
2025-06-01 08:00:00,2.177000081626197,ripple,XRP,XRP,127925904411.56554,2268132685.3159456,4,,,3.4,2018-01-07T00:00:00.000Z,0.05487499,2.50728,3038989757,2.36306
2025-06-02 08:00:00,2.1802830722675224,ripple,XRP,XRP,128150107940.42342,1521954083.381058,4,,,3.4,2018-01-07T00:00:00.000Z,0.05487499,2.50728,3038989757,2.36306
2025-06-03 08:00:00,2.2004265864927537,ripple,XRP,XRP,129301420887.84296,1856646284.2520795,4,,,3.4,2018-01-07T00:00:00.000Z,0.05487499,2.50728,3038989757,2.36306
2025-06-04 08:00:00,2.2486280245071963,ripple,XRP,XRP,132150735303.62874,2193921747.996483,4,,,3.4,2018-01-07T00:00:00.000Z,0.05487499,2.50728,3038989757,2.36306
2025-06-04 16:31:33,2.243477631697765,ripple,XRP,XRP,131642928789.22375,2134478543.9183376,4,,,3.4,2018-01-07T00:00:00.000Z,0.05487499,2.50728,3038989757,2.36306
